Timestamp,Temperature,Pressure,Vibration,Current,Speed,Anomaly
2025-01-01 00:00:00,72.48,1.78,0.432,1.43,1413.7,0
2025-01-01 00:01:00,91.21,4.133,2.17,4.66,961.2,1
2025-01-01 00:02:00,73.24,1.512,0.421,1.88,1501.8,0
2025-01-01 00:03:00,77.62,1.371,0.469,2.57,1547.3,0
2025-01-01 00:04:00,68.83,1.64,0.311,2.17,1363.3,0
2025-01-01 00:05:00,68.83,1.579,0.521,1.6,1559.3,0
2025-01-01 00:06:00,77.9,1.679,0.5,2.15,1229.6,0
2025-01-01 00:07:00,73.84,1.627,0.418,1.54,1437.0,0
2025-01-01 00:08:00,67.65,1.71,0.566,2.32,1451.2,0
2025-01-01 00:09:00,72.71,1.393,0.594,1.86,1563.3,0
2025-01-01 00:10:00,67.68,1.763,0.339,1.97,1502.3,0
2025-01-01 00:11:00,67.67,1.54,0.424,2.4,1359.4,0
2025-01-01 00:12:00,71.21,1.915,0.423,1.61,1401.5,0
2025-01-01 00:13:00,60.43,1.362,0.406,1.58,1519.9,0
2025-01-01 00:14:00,61.38,1.847,0.583,1.82,1492.1,0
2025-01-01 00:15:00,67.19,1.54,0.481,2.31,1442.1,0
2025-01-01 00:16:00,84.48,4.366,1.561,4.36,902.0,1
2025-01-01 00:17:00,71.57,1.403,0.3,1.15,1569.6,0
2025-01-01 00:18:00,65.46,1.436,0.564,1.86,1448.2,0
2025-01-01 00:19:00,62.94,1.585,0.376,2.17,1491.2,0
2025-01-01 00:20:00,99.16,3.933,1.688,4.52,1122.4,1
2025-01-01 00:21:00,68.87,1.385,0.528,1.86,1357.6,0
2025-01-01 00:22:00,70.34,1.495,0.636,1.88,1314.8,0
2025-01-01 00:23:00,62.88,1.928,0.369,2.35,1578.4,0
2025-01-01 00:24:00,67.28,1.846,0.198,1.44,1432.1,0
2025-01-01 00:25:00,70.55,1.587,0.518,1.88,1468.2,0
2025-01-01 00:26:00,87.81,2.852,1.957,4.07,824.1,1
2025-01-01 00:27:00,71.88,1.524,0.624,2.13,1474.0,0
2025-01-01 00:28:00,67.0,1.623,0.521,1.85,1659.9,0
2025-01-01 00:29:00,68.54,1.295,0.451,2.01,1580.2,0
2025-01-01 00:30:00,66.99,1.449,0.581,1.25,1586.2,0
2025-01-01 00:31:00,79.26,1.166,0.403,1.8,1358.4,0
2025-01-01 00:32:00,69.93,1.58,0.548,2.14,1384.9,0
2025-01-01 00:33:00,64.71,1.629,0.551,1.71,1216.1,0
2025-01-01 00:34:00,74.11,1.403,0.606,2.02,1419.1,0
2025-01-01 00:35:00,63.9,1.815,0.776,2.13,1595.7,0
2025-01-01 00:36:00,71.04,1.255,0.539,1.9,1551.7,0
2025-01-01 00:37:00,60.2,1.207,0.449,2.05,1477.8,0
2025-01-01 00:38:00,63.36,1.545,0.497,1.71,1497.8,0
2025-01-01 00:39:00,99.98,2.796,1.179,4.65,922.5,1
2025-01-01 00:40:00,73.69,1.837,0.431,2.18,1520.5,0
2025-01-01 00:41:00,70.86,1.408,0.459,2.05,1576.6,0
2025-01-01 00:42:00,69.42,1.716,0.448,1.82,1338.4,0
2025-01-01 00:43:00,68.49,1.492,0.515,2.07,1530.0,0
2025-01-01 00:44:00,62.61,1.465,0.418,2.21,1593.2,0
2025-01-01 00:45:00,66.4,1.677,0.612,1.39,1458.5,0
2025-01-01 00:46:00,67.7,1.63,0.5,2.35,1570.1,0
2025-01-01 00:47:00,75.29,1.185,0.499,1.9,1781.5,0
2025-01-01 00:48:00,71.72,1.795,0.467,2.13,1489.6,0
2025-01-01 00:49:00,91.14,3.824,1.552,4.12,1030.6,1
2025-01-01 00:50:00,71.62,1.375,0.583,1.59,1426.2,0
2025-01-01 00:51:00,68.07,1.579,0.413,1.79,1518.1,0
2025-01-01 00:52:00,66.62,1.599,0.434,1.91,1546.0,0
2025-01-01 00:53:00,73.06,1.552,0.47,1.76,1519.5,0
2025-01-01 00:54:00,75.15,1.39,0.365,2.52,1398.0,0
2025-01-01 00:55:00,74.66,1.366,0.418,1.74,1520.6,0
2025-01-01 00:56:00,65.8,1.495,0.452,1.83,1646.2,0
2025-01-01 00:57:00,68.45,1.735,0.587,2.06,1544.9,0
2025-01-01 00:58:00,71.66,1.609,0.526,1.64,1596.2,0
2025-01-01 00:59:00,74.88,1.426,0.519,1.88,1476.3,0
2025-01-01 01:00:00,67.6,1.654,0.585,2.1,1575.0,0
2025-01-01 01:01:00,69.07,0.93,0.486,1.9,1527.9,0
2025-01-01 01:02:00,64.47,1.73,0.539,1.97,1404.9,0
2025-01-01 01:03:00,64.02,1.152,0.49,1.84,1531.9,0
2025-01-01 01:04:00,74.06,1.428,0.527,1.55,1400.8,0
2025-01-01 01:05:00,76.78,1.276,0.442,2.1,1436.7,0
2025-01-01 01:06:00,97.96,3.213,1.666,4.76,1142.7,1
2025-01-01 01:07:00,75.02,1.732,0.487,2.01,1529.7,0
2025-01-01 01:08:00,71.81,1.406,0.642,2.07,1381.1,0
2025-01-01 01:09:00,66.77,1.569,0.593,2.21,1605.4,0
2025-01-01 01:10:00,71.81,1.491,0.597,1.62,1557.2,0
2025-01-01 01:11:00,77.69,1.595,0.624,2.51,1429.5,0
2025-01-01 01:12:00,69.82,1.515,0.509,2.06,1346.2,0
2025-01-01 01:13:00,77.82,1.243,0.52,2.49,1485.5,0
2025-01-01 01:14:00,56.9,1.699,0.438,1.78,1455.4,0
2025-01-01 01:15:00,74.11,1.401,0.468,2.55,1511.3,0
2025-01-01 01:16:00,70.44,1.189,0.562,2.23,1463.7,0
2025-01-01 01:17:00,68.5,1.414,0.62,2.17,1299.3,0
2025-01-01 01:18:00,70.46,1.8,0.486,2.07,1461.2,0
2025-01-01 01:19:00,60.06,1.67,0.455,1.93,1469.4,0
2025-01-01 01:20:00,68.9,1.43,0.5,2.36,1563.4,0
2025-01-01 01:21:00,71.79,1.43,0.56,2.04,1430.2,0
2025-01-01 01:22:00,77.39,1.436,0.356,1.41,1667.9,0
2025-01-01 01:23:00,67.41,1.915,0.27,1.66,1308.8,0
2025-01-01 01:24:00,65.96,1.576,0.445,1.94,1631.1,0
2025-01-01 01:25:00,67.49,1.586,0.378,2.09,1477.6,0
2025-01-01 01:26:00,103.33,3.886,2.35,4.19,1243.1,1
2025-01-01 01:27:00,71.64,1.548,0.485,2.37,1508.0,0
2025-01-01 01:28:00,67.35,1.448,0.455,1.41,1614.0,0
2025-01-01 01:29:00,72.57,1.461,0.645,2.04,1461.3,0
2025-01-01 01:30:00,70.49,1.486,0.533,1.45,1390.1,0
2025-01-01 01:31:00,74.84,1.493,0.53,2.23,1642.1,0
2025-01-01 01:32:00,66.49,1.646,0.562,1.97,1488.7,0
2025-01-01 01:33:00,68.36,1.51,0.386,2.13,1522.2,0
2025-01-01 01:34:00,68.04,1.647,0.604,1.74,1623.5,0
2025-01-01 01:35:00,62.68,1.484,0.492,2.38,1396.8,0
2025-01-01 01:36:00,71.48,1.516,0.567,2.31,1559.5,0
2025-01-01 01:37:00,71.31,1.1,0.393,2.18,1441.0,0
2025-01-01 01:38:00,70.03,1.683,0.345,1.96,1486.8,0
2025-01-01 01:39:00,89.89,4.508,1.727,4.3,929.7,1
2025-01-01 01:40:00,62.92,1.7,0.538,1.79,1350.0,0
2025-01-01 01:41:00,67.9,0.921,0.41,2.26,1422.1,0
2025-01-01 01:42:00,68.29,1.918,0.413,2.49,1635.1,0
2025-01-01 01:43:00,65.99,1.472,0.613,2.32,1588.6,0
2025-01-01 01:44:00,69.19,1.722,0.381,1.78,1493.7,0
2025-01-01 01:45:00,72.02,1.292,0.664,2.11,1524.3,0
2025-01-01 01:46:00,79.43,1.623,0.41,1.61,1470.6,0
2025-01-01 01:47:00,70.87,1.289,0.564,2.17,1635.7,0
2025-01-01 01:48:00,71.29,1.375,0.467,2.14,1480.0,0
2025-01-01 01:49:00,69.63,1.883,0.56,1.44,1523.2,0
2025-01-01 01:50:00,60.41,1.462,0.446,1.65,1614.6,0
2025-01-01 01:51:00,69.87,1.543,0.484,1.92,1422.3,0
2025-01-01 01:52:00,70.3,1.674,0.504,1.91,1655.9,0
2025-01-01 01:53:00,82.32,1.599,0.4,1.64,1347.0,0
2025-01-01 01:54:00,69.04,1.53,0.574,2.12,1663.0,0
2025-01-01 01:55:00,71.51,1.573,0.449,2.08,1462.7,0
2025-01-01 01:56:00,69.83,1.981,0.477,1.94,1475.7,0
2025-01-01 01:57:00,64.16,1.488,0.401,1.77,1311.0,0
2025-01-01 01:58:00,75.71,1.54,0.244,2.31,1454.5,0
2025-01-01 01:59:00,73.76,1.71,0.481,2.5,1396.0,0
2025-01-01 02:00:00,73.96,1.721,0.741,1.85,1439.2,0
2025-01-01 02:01:00,65.45,1.737,0.578,1.82,1486.3,0
2025-01-01 02:02:00,77.01,1.628,0.498,2.15,1595.8,0
2025-01-01 02:03:00,89.92,3.58,1.88,4.09,1060.1,1
2025-01-01 02:04:00,72.93,1.827,0.502,1.96,1530.8,0
2025-01-01 02:05:00,80.95,1.271,0.555,2.22,1390.4,0
2025-01-01 02:06:00,65.05,1.561,0.382,1.43,1411.9,0
2025-01-01 02:07:00,67.17,1.349,0.611,2.4,1679.9,0
2025-01-01 02:08:00,70.5,1.487,0.572,2.02,1426.5,0
2025-01-01 02:09:00,67.48,1.566,0.572,1.88,1665.6,0
2025-01-01 02:10:00,62.25,1.564,0.544,1.97,1475.7,0
2025-01-01 02:11:00,70.34,1.584,0.502,1.99,1500.2,0
2025-01-01 02:12:00,64.69,1.823,0.567,1.48,1607.0,0
2025-01-01 02:13:00,72.37,1.591,0.559,2.45,1627.2,0
2025-01-01 02:14:00,93.35,2.527,2.148,3.89,962.8,1
2025-01-01 02:15:00,77.75,1.693,0.443,2.13,1461.2,0
2025-01-01 02:16:00,66.08,1.738,0.51,2.29,1494.4,0
2025-01-01 02:17:00,68.39,1.254,0.655,1.69,1533.8,0
2025-01-01 02:18:00,74.07,1.619,0.376,2.14,1589.1,0
2025-01-01 02:19:00,63.85,1.64,0.353,1.92,1500.4,0
2025-01-01 02:20:00,71.14,1.44,0.516,2.25,1561.9,0
2025-01-01 02:21:00,76.54,1.775,0.505,1.36,1663.8,0
2025-01-01 02:22:00,61.96,1.47,0.517,1.97,1538.1,0
2025-01-01 02:23:00,70.92,1.525,0.524,1.82,1531.2,0
2025-01-01 02:24:00,71.3,1.465,0.478,2.13,1348.1,0
2025-01-01 02:25:00,73.91,1.503,0.649,2.14,1236.9,0
2025-01-01 02:26:00,63.82,1.281,0.34,1.79,1538.8,0
2025-01-01 02:27:00,63.4,1.212,0.417,1.79,1490.5,0
2025-01-01 02:28:00,72.61,1.819,0.49,1.97,1448.5,0
2025-01-01 02:29:00,71.48,1.331,0.336,1.73,1524.4,0
2025-01-01 02:30:00,71.25,1.302,0.482,2.25,1494.0,0
2025-01-01 02:31:00,71.73,1.069,0.666,1.89,1612.8,0
2025-01-01 02:32:00,66.6,1.372,0.502,1.13,1508.6,0
2025-01-01 02:33:00,71.16,1.235,0.523,1.89,1425.3,0
2025-01-01 02:34:00,71.47,1.828,0.374,1.69,1599.0,0
2025-01-01 02:35:00,66.43,1.702,0.438,1.51,1478.3,0
2025-01-01 02:36:00,102.67,3.418,2.14,4.27,957.7,1
2025-01-01 02:37:00,72.37,1.95,0.468,2.03,1452.3,0
2025-01-01 02:38:00,64.04,1.696,0.628,2.4,1435.0,0
2025-01-01 02:39:00,73.28,1.435,0.556,2.09,1508.4,0
2025-01-01 02:40:00,65.13,1.0,0.389,1.82,1501.3,0
2025-01-01 02:41:00,73.94,1.958,0.525,2.14,1548.0,0
2025-01-01 02:42:00,75.79,1.222,0.55,1.86,1473.1,0
2025-01-01 02:43:00,65.9,1.171,0.614,1.79,1316.4,0
2025-01-01 02:44:00,74.82,1.705,0.658,1.65,1456.7,0
2025-01-01 02:45:00,72.06,1.988,0.398,1.47,1579.4,0
2025-01-01 02:46:00,74.11,1.777,0.419,1.88,1470.3,0
2025-01-01 02:47:00,79.48,1.613,0.374,2.05,1475.4,0
2025-01-01 02:48:00,68.77,1.619,0.477,1.97,1598.6,0
2025-01-01 02:49:00,66.23,1.671,0.547,1.88,1428.8,0
2025-01-01 02:50:00,65.55,1.652,0.599,1.72,1345.7,0
2025-01-01 02:51:00,65.92,1.556,0.492,2.18,1483.9,0
2025-01-01 02:52:00,69.61,1.521,0.468,1.6,1451.6,0
2025-01-01 02:53:00,71.71,1.487,0.515,2.23,1403.4,0
2025-01-01 02:54:00,71.38,1.349,0.416,1.7,1482.5,0
2025-01-01 02:55:00,74.14,1.444,0.709,1.77,1549.2,0
2025-01-01 02:56:00,70.07,1.161,0.339,1.56,1499.1,0
2025-01-01 02:57:00,77.27,1.48,0.518,1.85,1530.7,0
2025-01-01 02:58:00,68.68,1.302,0.702,2.29,1681.3,0
2025-01-01 02:59:00,83.6,1.279,0.501,2.15,1465.7,0
2025-01-01 03:00:00,73.13,1.536,0.481,2.29,1527.8,0
2025-01-01 03:01:00,65.71,1.778,0.464,2.16,1449.1,0
2025-01-01 03:02:00,64.65,1.684,0.482,1.67,1415.4,0
2025-01-01 03:03:00,72.41,1.186,0.637,1.9,1441.5,0
2025-01-01 03:04:00,84.02,3.807,1.468,4.11,954.4,1
2025-01-01 03:05:00,73.57,1.688,0.653,2.4,1535.9,0
2025-01-01 03:06:00,72.37,1.304,0.358,1.64,1734.9,0
2025-01-01 03:07:00,69.64,1.455,0.473,2.27,1428.4,0
2025-01-01 03:08:00,65.77,1.61,0.457,2.27,1458.3,0
2025-01-01 03:09:00,77.65,2.73,1.443,5.4,1096.0,1
2025-01-01 03:10:00,67.77,1.521,0.34,1.88,1539.6,0
2025-01-01 03:11:00,74.28,1.233,0.546,2.21,1526.4,0
2025-01-01 03:12:00,71.07,1.38,0.702,2.68,1628.4,0
2025-01-01 03:13:00,63.77,1.564,0.364,1.81,1257.4,0
2025-01-01 03:14:00,70.87,1.181,0.519,1.54,1261.3,0
2025-01-01 03:15:00,71.93,1.588,0.434,1.44,1450.4,0
2025-01-01 03:16:00,65.58,1.496,0.543,2.21,1609.7,0
2025-01-01 03:17:00,70.77,1.61,0.502,1.44,1343.4,0
2025-01-01 03:18:00,70.29,1.545,0.436,1.89,1199.2,0
2025-01-01 03:19:00,64.29,1.773,0.549,2.13,1557.1,0
2025-01-01 03:20:00,71.79,1.525,0.68,2.06,1524.4,0
2025-01-01 03:21:00,72.8,1.414,0.481,2.13,1391.0,0
2025-01-01 03:22:00,75.42,1.524,0.572,2.07,1401.4,0
2025-01-01 03:23:00,75.27,1.609,0.371,2.38,1403.0,0
2025-01-01 03:24:00,63.11,1.51,0.404,1.71,1511.1,0
2025-01-01 03:25:00,65.31,1.508,0.547,1.8,1437.4,0
2025-01-01 03:26:00,72.58,1.36,0.648,1.77,1549.4,0
2025-01-01 03:27:00,72.57,1.367,0.536,2.25,1214.5,0
2025-01-01 03:28:00,72.58,1.219,0.469,2.27,1414.3,0
2025-01-01 03:29:00,89.26,1.85,0.5,2.14,1387.4,0
2025-01-01 03:30:00,72.85,1.251,0.375,2.36,1474.4,0
2025-01-01 03:31:00,75.68,1.361,0.56,1.65,1446.2,0
2025-01-01 03:32:00,74.77,1.356,0.588,2.5,1579.8,0
2025-01-01 03:33:00,73.26,1.679,0.455,2.46,1314.1,0
2025-01-01 03:34:00,68.42,1.441,0.453,2.22,1504.5,0
2025-01-01 03:35:00,73.79,1.75,0.527,2.53,1555.8,0
2025-01-01 03:36:00,66.14,1.365,0.456,1.5,1685.7,0
2025-01-01 03:37:00,68.82,1.556,0.493,1.84,1451.8,0
2025-01-01 03:38:00,67.57,1.333,0.71,1.78,1532.4,0
2025-01-01 03:39:00,70.41,1.929,0.475,2.22,1319.6,0
2025-01-01 03:40:00,81.57,1.262,0.464,1.68,1260.8,0
2025-01-01 03:41:00,60.66,1.562,0.435,2.23,1584.5,0
2025-01-01 03:42:00,73.43,1.627,0.574,2.41,1499.4,0
2025-01-01 03:43:00,61.94,1.583,0.482,2.21,1617.9,0
2025-01-01 03:44:00,67.64,1.463,0.435,2.09,1362.7,0
2025-01-01 03:45:00,75.44,1.474,0.632,1.7,1552.0,0
2025-01-01 03:46:00,70.32,1.509,0.642,1.75,1686.9,0
2025-01-01 03:47:00,64.61,1.471,0.44,2.37,1542.0,0
2025-01-01 03:48:00,66.42,1.693,0.313,2.23,1527.7,0
2025-01-01 03:49:00,73.4,1.942,0.601,1.99,1500.9,0
2025-01-01 03:50:00,66.35,1.389,0.432,1.87,1342.9,0
2025-01-01 03:51:00,71.08,1.226,0.579,1.39,1635.6,0
2025-01-01 03:52:00,70.23,1.482,0.303,1.68,1438.9,0
2025-01-01 03:53:00,66.74,2.016,0.589,2.57,1550.4,0
2025-01-01 03:54:00,80.72,1.339,0.379,1.62,1343.7,0
2025-01-01 03:55:00,73.17,1.828,0.573,2.06,1382.1,0
2025-01-01 03:56:00,59.87,1.836,0.501,2.3,1643.5,0
2025-01-01 03:57:00,70.93,1.389,0.405,1.62,1465.3,0
2025-01-01 03:58:00,66.69,1.614,0.459,2.06,1645.3,0
2025-01-01 03:59:00,74.26,1.826,0.569,2.28,1492.2,0
2025-01-01 04:00:00,66.04,1.424,0.511,2.0,1315.8,0
2025-01-01 04:01:00,69.43,1.459,0.558,2.86,1589.2,0
2025-01-01 04:02:00,94.54,4.376,1.834,3.12,862.2,1
2025-01-01 04:03:00,93.42,2.679,2.128,5.19,1081.3,1
2025-01-01 04:04:00,64.0,1.37,0.662,1.95,1502.5,0
2025-01-01 04:05:00,68.33,1.255,0.51,2.23,1345.7,0
2025-01-01 04:06:00,67.63,1.507,0.41,2.13,1516.4,0
2025-01-01 04:07:00,66.73,1.346,0.367,1.78,1719.6,0
2025-01-01 04:08:00,78.83,1.547,0.481,2.07,1549.3,0
2025-01-01 04:09:00,96.53,2.506,1.918,4.22,1096.2,1
2025-01-01 04:10:00,63.7,1.566,0.487,2.18,1607.5,0
2025-01-01 04:11:00,74.59,1.667,0.651,2.09,1521.1,0
2025-01-01 04:12:00,80.61,1.101,0.355,2.19,1521.0,0
2025-01-01 04:13:00,75.16,1.575,0.499,2.32,1390.8,0
2025-01-01 04:14:00,62.4,1.746,0.375,2.11,1523.4,0
2025-01-01 04:15:00,89.29,4.194,1.704,4.65,1206.8,1
2025-01-01 04:16:00,76.33,1.835,0.589,1.74,1416.4,0
2025-01-01 04:17:00,66.46,1.584,0.458,1.79,1642.4,0
2025-01-01 04:18:00,72.22,1.359,0.24,2.36,1490.8,0
2025-01-01 04:19:00,73.87,1.489,0.52,2.43,1411.2,0
2025-01-01 04:20:00,65.37,1.612,0.544,1.93,1599.8,0
2025-01-01 04:21:00,69.7,1.515,0.54,2.01,1471.3,0
2025-01-01 04:22:00,76.38,4.12,1.99,4.36,1269.2,1
2025-01-01 04:23:00,64.88,1.316,0.393,2.35,1470.8,0
2025-01-01 04:24:00,68.74,1.534,0.568,2.2,1494.0,0
2025-01-01 04:25:00,63.76,1.217,0.619,2.58,1549.4,0
2025-01-01 04:26:00,78.16,1.478,0.322,1.74,1529.1,0
2025-01-01 04:27:00,62.85,1.319,0.532,1.89,1300.4,0
2025-01-01 04:28:00,67.8,1.353,0.45,2.07,1387.9,0
2025-01-01 04:29:00,70.65,1.747,0.492,2.19,1592.9,0
2025-01-01 04:30:00,77.21,1.718,0.535,1.94,1486.8,0
2025-01-01 04:31:00,62.82,1.622,0.451,1.74,1447.6,0
2025-01-01 04:32:00,75.82,1.282,0.432,2.26,1364.1,0
2025-01-01 04:33:00,70.05,1.437,0.503,2.22,1392.0,0
2025-01-01 04:34:00,65.09,1.743,0.391,1.73,1297.8,0
2025-01-01 04:35:00,72.31,1.528,0.391,2.41,1489.9,0
2025-01-01 04:36:00,71.0,1.964,0.568,2.35,1440.2,0
2025-01-01 04:37:00,67.0,1.579,0.385,2.04,1403.3,0
2025-01-01 04:38:00,70.35,1.538,0.567,2.02,1493.2,0
2025-01-01 04:39:00,68.07,1.438,0.546,2.17,1536.4,0
2025-01-01 04:40:00,70.57,1.527,0.327,1.74,1709.3,0
2025-01-01 04:41:00,73.31,1.47,0.432,2.01,1348.8,0
2025-01-01 04:42:00,77.93,1.642,0.619,1.35,1615.9,0
2025-01-01 04:43:00,63.81,1.691,0.402,2.26,1597.3,0
2025-01-01 04:44:00,80.67,1.343,0.454,1.53,1422.1,0
2025-01-01 04:45:00,60.24,1.234,0.546,2.45,1520.3,0
2025-01-01 04:46:00,69.24,1.133,0.578,1.9,1454.2,0
2025-01-01 04:47:00,72.94,1.602,0.475,1.94,1518.6,0
2025-01-01 04:48:00,71.4,1.279,0.44,1.81,1650.9,0
2025-01-01 04:49:00,66.89,1.069,0.642,1.91,1560.6,0
2025-01-01 04:50:00,90.51,3.955,2.073,4.03,1128.2,1
2025-01-01 04:51:00,67.53,1.999,0.598,1.25,1457.0,0
2025-01-01 04:52:00,67.05,1.499,0.509,2.38,1351.6,0
2025-01-01 04:53:00,74.25,1.668,0.419,2.1,1479.2,0
2025-01-01 04:54:00,71.79,1.516,0.417,1.64,1620.7,0
2025-01-01 04:55:00,66.54,1.48,0.552,1.68,1347.3,0
2025-01-01 04:56:00,74.5,1.684,0.542,2.5,1394.5,0
2025-01-01 04:57:00,71.54,1.442,0.64,1.72,1512.6,0
2025-01-01 04:58:00,74.06,1.553,0.565,1.65,1401.5,0
2025-01-01 04:59:00,73.15,1.564,0.35,2.34,1420.7,0
2025-01-01 05:00:00,65.86,1.366,0.605,2.1,1457.6,0
2025-01-01 05:01:00,67.2,1.698,0.4,1.72,1363.4,0
2025-01-01 05:02:00,73.74,1.465,0.462,2.06,1402.6,0
2025-01-01 05:03:00,73.05,1.349,0.525,1.69,1570.3,0
2025-01-01 05:04:00,69.9,1.607,0.7,2.33,1369.3,0
2025-01-01 05:05:00,70.59,1.32,0.811,2.32,1340.2,0
2025-01-01 05:06:00,76.39,1.506,0.561,2.16,1437.0,0
2025-01-01 05:07:00,67.04,1.498,0.482,2.11,1573.2,0
2025-01-01 05:08:00,72.74,1.717,0.553,2.53,1480.3,0
2025-01-01 05:09:00,68.99,1.595,0.589,2.0,1453.5,0
2025-01-01 05:10:00,68.91,1.495,0.468,1.65,1504.4,0
2025-01-01 05:11:00,75.49,1.664,0.68,2.13,1325.4,0
2025-01-01 05:12:00,74.13,1.778,0.523,2.63,1549.5,0
2025-01-01 05:13:00,74.07,1.612,0.55,1.7,1538.3,0
2025-01-01 05:14:00,76.53,1.502,0.567,1.89,1459.1,0
2025-01-01 05:15:00,70.11,1.238,0.542,2.12,1600.6,0
2025-01-01 05:16:00,73.41,1.287,0.584,1.98,1387.3,0
2025-01-01 05:17:00,68.45,1.439,0.438,1.71,1612.8,0
2025-01-01 05:18:00,71.62,1.378,0.444,2.34,1515.4,0
2025-01-01 05:19:00,69.35,1.463,0.39,2.7,1466.3,0
2025-01-01 05:20:00,70.48,1.511,0.544,2.06,1498.0,0
2025-01-01 05:21:00,72.98,1.606,0.578,1.73,1489.3,0
2025-01-01 05:22:00,65.91,1.486,0.546,1.54,1622.0,0
2025-01-01 05:23:00,80.46,1.597,0.667,2.08,1392.3,0
2025-01-01 05:24:00,64.97,1.513,0.499,2.33,1423.7,0
2025-01-01 05:25:00,63.93,1.105,0.567,2.14,1603.6,0
2025-01-01 05:26:00,75.79,1.312,0.391,2.0,1440.4,0
2025-01-01 05:27:00,73.96,1.471,0.461,1.82,1590.1,0
2025-01-01 05:28:00,73.12,1.258,0.57,1.67,1669.9,0
2025-01-01 05:29:00,73.14,1.62,0.585,2.25,1459.8,0
2025-01-01 05:30:00,69.94,1.806,0.471,2.27,1568.1,0
2025-01-01 05:31:00,65.51,1.744,0.493,1.54,1384.6,0
2025-01-01 05:32:00,70.38,1.457,0.348,2.48,1575.5,0
2025-01-01 05:33:00,66.61,1.798,0.464,2.17,1519.9,0
2025-01-01 05:34:00,74.88,1.53,0.589,2.42,1547.3,0
2025-01-01 05:35:00,69.26,1.433,0.558,1.6,1435.4,0
2025-01-01 05:36:00,65.87,1.377,0.55,1.59,1333.9,0
2025-01-01 05:37:00,68.39,1.44,0.505,1.96,1550.3,0
2025-01-01 05:38:00,72.06,1.422,0.501,2.15,1293.7,0
2025-01-01 05:39:00,67.18,1.534,0.434,2.54,1468.3,0
2025-01-01 05:40:00,65.89,1.532,0.57,2.21,1594.1,0
2025-01-01 05:41:00,71.22,1.501,0.542,1.93,1519.2,0
2025-01-01 05:42:00,71.22,1.587,0.549,1.69,1694.8,0
2025-01-01 05:43:00,67.47,1.738,0.447,2.37,1602.5,0
2025-01-01 05:44:00,67.64,1.69,0.285,1.71,1434.6,0
2025-01-01 05:45:00,95.02,3.167,2.197,4.16,968.9,1
2025-01-01 05:46:00,62.76,0.989,0.452,1.91,1495.3,0
2025-01-01 05:47:00,62.96,1.687,0.414,2.48,1341.8,0
2025-01-01 05:48:00,66.41,1.227,0.569,2.2,1406.0,0
2025-01-01 05:49:00,68.93,1.455,0.461,1.96,1443.9,0
2025-01-01 05:50:00,93.37,2.861,2.323,4.07,730.1,1
2025-01-01 05:51:00,77.38,1.14,0.562,1.9,1504.7,0
2025-01-01 05:52:00,74.29,1.608,0.568,2.13,1475.1,0
2025-01-01 05:53:00,69.2,1.652,0.363,2.02,1332.7,0
2025-01-01 05:54:00,69.9,1.385,0.621,1.82,1540.4,0
2025-01-01 05:55:00,64.99,0.982,0.526,1.95,1571.6,0
2025-01-01 05:56:00,69.91,1.391,0.463,2.02,1522.7,0
2025-01-01 05:57:00,68.56,1.578,0.514,1.36,1467.6,0
2025-01-01 05:58:00,71.61,1.204,0.322,2.14,1559.1,0
2025-01-01 05:59:00,65.86,1.537,0.541,1.71,1568.0,0
2025-01-01 06:00:00,72.6,1.497,0.397,1.65,1530.7,0
2025-01-01 06:01:00,77.66,1.616,0.365,1.49,1417.5,0
2025-01-01 06:02:00,69.46,1.524,0.348,1.46,1527.7,0
2025-01-01 06:03:00,72.01,1.305,0.611,1.59,1619.5,0
2025-01-01 06:04:00,73.45,1.739,0.437,1.79,1440.3,0
2025-01-01 06:05:00,67.99,1.468,0.653,2.59,1709.8,0
2025-01-01 06:06:00,71.12,1.495,0.446,1.84,1447.4,0
2025-01-01 06:07:00,70.06,1.313,0.329,2.05,1503.2,0
2025-01-01 06:08:00,70.49,1.411,0.388,2.12,1432.8,0
2025-01-01 06:09:00,66.13,1.323,0.624,2.04,1522.3,0
2025-01-01 06:10:00,70.12,1.465,0.484,1.98,1325.8,0
2025-01-01 06:11:00,72.49,1.842,0.445,1.64,1445.4,0
2025-01-01 06:12:00,77.26,1.226,0.516,2.44,1390.8,0
2025-01-01 06:13:00,74.8,1.177,0.55,2.54,1513.5,0
2025-01-01 06:14:00,80.77,1.794,0.612,1.5,1599.4,0
2025-01-01 06:15:00,66.16,1.458,0.645,1.69,1564.6,0
2025-01-01 06:16:00,74.36,1.366,0.464,1.92,1262.8,0
2025-01-01 06:17:00,70.92,1.708,0.367,1.71,1704.2,0
2025-01-01 06:18:00,80.95,1.379,0.459,2.15,1529.5,0
2025-01-01 06:19:00,65.96,1.865,0.526,1.78,1422.4,0
2025-01-01 06:20:00,65.8,1.636,0.404,2.65,1515.7,0
2025-01-01 06:21:00,67.0,1.402,0.404,2.36,1517.6,0
2025-01-01 06:22:00,59.38,1.931,0.534,2.06,1433.3,0
2025-01-01 06:23:00,67.37,1.379,0.495,2.31,1519.8,0
2025-01-01 06:24:00,66.2,1.648,0.503,2.33,1439.3,0
2025-01-01 06:25:00,70.75,1.56,0.424,1.83,1459.6,0
2025-01-01 06:26:00,71.71,1.76,0.477,1.76,1431.4,0
2025-01-01 06:27:00,79.38,1.812,0.408,2.02,1356.7,0
2025-01-01 06:28:00,74.75,1.506,0.589,2.26,1514.6,0
2025-01-01 06:29:00,67.12,1.349,0.604,2.04,1558.5,0
2025-01-01 06:30:00,65.51,1.592,0.315,1.53,1551.5,0
2025-01-01 06:31:00,72.46,1.364,0.407,1.76,1582.0,0
2025-01-01 06:32:00,63.4,1.903,0.35,1.98,1532.4,0
2025-01-01 06:33:00,79.16,1.527,0.435,1.98,1446.7,0
2025-01-01 06:34:00,75.9,1.427,0.492,2.59,1584.0,0
2025-01-01 06:35:00,67.65,1.537,0.355,1.58,1364.2,0
2025-01-01 06:36:00,61.43,1.231,0.408,2.15,1409.9,0
2025-01-01 06:37:00,76.77,1.306,0.4,2.45,1403.6,0
2025-01-01 06:38:00,69.43,1.74,0.521,2.68,1608.0,0
2025-01-01 06:39:00,76.19,1.369,0.507,1.88,1594.3,0
2025-01-01 06:40:00,62.03,1.291,0.428,2.15,1548.7,0
2025-01-01 06:41:00,67.0,1.607,0.518,2.17,1607.2,0
2025-01-01 06:42:00,70.03,1.737,0.445,2.06,1412.1,0
2025-01-01 06:43:00,70.23,1.644,0.473,1.97,1534.9,0
2025-01-01 06:44:00,67.75,1.699,0.667,2.13,1487.5,0
2025-01-01 06:45:00,73.11,1.349,0.634,1.24,1584.7,0
2025-01-01 06:46:00,64.66,1.216,0.37,2.2,1488.5,0
2025-01-01 06:47:00,69.29,1.8,0.583,2.04,1461.5,0
2025-01-01 06:48:00,70.6,1.435,0.581,1.93,1554.1,0
2025-01-01 06:49:00,72.57,1.45,0.385,2.61,1587.6,0
2025-01-01 06:50:00,73.56,1.766,0.582,1.8,1433.2,0
2025-01-01 06:51:00,64.38,1.611,0.654,1.88,1493.9,0
2025-01-01 06:52:00,62.33,1.591,0.388,2.6,1394.2,0
2025-01-01 06:53:00,76.39,1.933,0.408,1.75,1250.2,0
2025-01-01 06:54:00,71.66,1.371,0.602,1.83,1520.0,0
2025-01-01 06:55:00,66.26,1.686,0.527,1.96,1560.9,0
2025-01-01 06:56:00,77.76,1.511,0.555,2.25,1526.2,0
2025-01-01 06:57:00,70.58,1.554,0.534,2.06,1305.0,0
2025-01-01 06:58:00,75.9,1.806,0.539,1.61,1464.9,0
2025-01-01 06:59:00,70.34,1.602,0.367,1.84,1278.2,0
2025-01-01 07:00:00,80.3,1.608,0.605,1.82,1637.0,0
2025-01-01 07:01:00,78.78,1.715,0.617,1.98,1391.4,0
2025-01-01 07:02:00,68.76,1.427,0.477,2.13,1625.5,0
2025-01-01 07:03:00,97.68,2.559,2.382,4.45,1025.9,1
2025-01-01 07:04:00,73.23,1.291,0.347,1.47,1409.9,0
2025-01-01 07:05:00,76.84,1.107,0.551,2.32,1386.7,0
2025-01-01 07:06:00,65.18,1.911,0.557,2.08,1535.0,0
2025-01-01 07:07:00,73.43,1.279,0.494,2.42,1415.6,0
2025-01-01 07:08:00,75.29,1.456,0.612,2.13,1510.2,0
2025-01-01 07:09:00,61.21,1.445,0.467,2.33,1451.7,0
2025-01-01 07:10:00,64.08,1.561,0.556,2.14,1321.9,0
2025-01-01 07:11:00,59.8,1.663,0.398,2.4,1277.0,0
2025-01-01 07:12:00,68.65,1.672,0.498,2.16,1522.7,0
2025-01-01 07:13:00,73.59,1.383,0.483,1.97,1443.8,0
2025-01-01 07:14:00,77.51,1.467,0.523,2.68,1444.7,0
2025-01-01 07:15:00,70.37,1.557,0.463,2.27,1569.6,0
2025-01-01 07:16:00,78.14,1.45,0.487,2.17,1617.3,0
2025-01-01 07:17:00,63.1,1.821,0.583,1.62,1472.7,0
2025-01-01 07:18:00,61.48,1.598,0.456,1.61,1465.9,0
2025-01-01 07:19:00,69.72,1.647,0.339,2.09,1550.0,0
2025-01-01 07:20:00,71.92,1.633,0.675,2.04,1364.3,0
2025-01-01 07:21:00,69.84,1.735,0.638,1.82,1522.3,0
2025-01-01 07:22:00,59.66,1.536,0.371,2.04,1555.2,0
2025-01-01 07:23:00,69.55,1.241,0.569,2.48,1568.0,0
2025-01-01 07:24:00,63.48,1.58,0.45,2.21,1306.3,0
2025-01-01 07:25:00,73.35,1.37,0.526,1.66,1423.9,0
2025-01-01 07:26:00,71.83,1.394,0.529,1.97,1412.2,0
2025-01-01 07:27:00,65.3,1.617,0.477,1.76,1510.0,0
2025-01-01 07:28:00,67.43,1.748,0.422,1.88,1548.1,0
2025-01-01 07:29:00,91.79,2.669,1.352,3.76,1328.2,1
2025-01-01 07:30:00,69.69,1.562,0.408,1.86,1450.5,0
2025-01-01 07:31:00,74.78,1.84,0.417,1.62,1450.2,0
2025-01-01 07:32:00,65.07,1.548,0.493,1.96,1615.0,0
2025-01-01 07:33:00,72.52,2.02,0.428,1.83,1529.7,0
2025-01-01 07:34:00,67.35,1.613,0.568,1.12,1626.8,0
2025-01-01 07:35:00,66.04,1.148,0.649,2.62,1528.9,0
2025-01-01 07:36:00,69.46,1.651,0.442,2.33,1384.3,0
2025-01-01 07:37:00,92.94,3.534,1.871,4.24,837.6,1
2025-01-01 07:38:00,67.23,1.758,0.55,2.01,1344.8,0
2025-01-01 07:39:00,64.01,1.635,0.547,1.65,1566.2,0
2025-01-01 07:40:00,79.82,1.472,0.508,2.51,1618.9,0
2025-01-01 07:41:00,70.18,1.255,0.574,2.57,1684.9,0
2025-01-01 07:42:00,66.5,1.458,0.548,2.05,1584.3,0
2025-01-01 07:43:00,71.07,1.33,0.376,2.31,1616.3,0
2025-01-01 07:44:00,69.44,1.384,0.587,2.05,1442.0,0
2025-01-01 07:45:00,68.9,1.618,0.589,1.6,1384.4,0
2025-01-01 07:46:00,73.07,1.834,0.424,1.88,1585.0,0
2025-01-01 07:47:00,73.79,1.579,0.504,2.04,1541.8,0
2025-01-01 07:48:00,67.35,1.261,0.568,1.86,1510.7,0
2025-01-01 07:49:00,67.12,1.589,0.479,1.93,1538.7,0
2025-01-01 07:50:00,68.62,1.739,0.607,1.97,1532.3,0
2025-01-01 07:51:00,58.49,1.378,0.736,1.98,1628.4,0
2025-01-01 07:52:00,62.42,1.473,0.421,2.02,1629.5,0
2025-01-01 07:53:00,76.83,1.503,0.362,1.68,1554.4,0
2025-01-01 07:54:00,78.22,1.343,0.53,1.78,1584.6,0
2025-01-01 07:55:00,68.75,1.63,0.572,1.61,1551.4,0
2025-01-01 07:56:00,72.88,1.476,0.477,2.29,1453.9,0
2025-01-01 07:57:00,71.56,1.584,0.645,1.37,1575.7,0
2025-01-01 07:58:00,85.39,1.323,0.366,2.35,1360.6,0
2025-01-01 07:59:00,75.6,1.413,0.569,2.42,1605.4,0
2025-01-01 08:00:00,69.36,1.644,0.439,1.91,1380.5,0
2025-01-01 08:01:00,65.22,1.425,0.672,1.22,1528.6,0
2025-01-01 08:02:00,61.97,1.845,0.699,1.89,1415.5,0
2025-01-01 08:03:00,71.02,1.42,0.423,1.98,1555.3,0
2025-01-01 08:04:00,66.22,1.545,0.445,1.7,1496.6,0
2025-01-01 08:05:00,62.89,1.687,0.586,1.85,1340.5,0
2025-01-01 08:06:00,66.77,1.216,0.461,2.46,1542.1,0
2025-01-01 08:07:00,64.59,1.148,0.495,2.2,1442.2,0
2025-01-01 08:08:00,78.44,1.195,0.503,1.72,1588.1,0
2025-01-01 08:09:00,74.41,1.753,0.308,1.52,1500.1,0
2025-01-01 08:10:00,69.96,1.39,0.499,1.9,1539.5,0
2025-01-01 08:11:00,77.4,2.012,0.431,1.94,1404.2,0
2025-01-01 08:12:00,70.39,1.387,0.451,2.15,1441.1,0
2025-01-01 08:13:00,65.69,1.537,0.644,1.84,1454.1,0
2025-01-01 08:14:00,99.37,4.384,1.908,4.83,1062.2,1
2025-01-01 08:15:00,72.69,1.901,0.581,2.58,1667.7,0
2025-01-01 08:16:00,64.81,1.912,0.472,2.24,1419.5,0
2025-01-01 08:17:00,69.05,1.742,0.472,1.99,1607.7,0
2025-01-01 08:18:00,65.62,1.705,0.579,1.95,1283.0,0
2025-01-01 08:19:00,63.09,1.619,0.534,1.89,1380.6,0
2025-01-01 08:20:00,74.63,1.656,0.557,2.35,1404.1,0
2025-01-01 08:21:00,79.55,1.39,0.597,1.81,1364.7,0
2025-01-01 08:22:00,63.01,1.336,0.467,2.01,1341.6,0
2025-01-01 08:23:00,72.81,1.499,0.439,2.02,1541.3,0
2025-01-01 08:24:00,81.95,4.012,2.173,4.81,1140.7,1
2025-01-01 08:25:00,67.56,1.409,0.417,1.59,1537.9,0
2025-01-01 08:26:00,67.04,1.639,0.795,2.1,1569.0,0
2025-01-01 08:27:00,65.68,1.691,0.624,1.98,1526.6,0
2025-01-01 08:28:00,70.24,1.518,0.365,2.15,1565.8,0
2025-01-01 08:29:00,65.85,1.796,0.368,1.84,1493.0,0
2025-01-01 08:30:00,71.35,1.272,0.548,2.37,1381.3,0
2025-01-01 08:31:00,69.75,1.461,0.555,1.74,1605.8,0
2025-01-01 08:32:00,68.81,1.357,0.555,2.51,1441.1,0
2025-01-01 08:33:00,65.46,1.127,0.475,1.48,1406.4,0
2025-01-01 08:34:00,67.12,1.483,0.487,2.13,1482.2,0
2025-01-01 08:35:00,73.78,1.476,0.533,2.14,1408.7,0
2025-01-01 08:36:00,72.5,1.803,0.509,1.76,1458.3,0
2025-01-01 08:37:00,65.11,1.626,0.278,2.13,1534.4,0
2025-01-01 08:38:00,85.79,3.279,1.693,4.54,1197.8,1
2025-01-01 08:39:00,73.76,1.871,0.415,1.33,1410.2,0
2025-01-01 08:40:00,61.65,1.744,0.518,2.15,1451.2,0
2025-01-01 08:41:00,93.82,3.725,1.76,3.9,1276.1,1
2025-01-01 08:42:00,66.69,1.455,0.537,1.71,1549.6,0
2025-01-01 08:43:00,90.16,2.874,2.45,4.21,1358.1,1
2025-01-01 08:44:00,66.18,1.426,0.592,1.83,1618.0,0
2025-01-01 08:45:00,60.98,1.718,0.548,1.65,1614.4,0
2025-01-01 08:46:00,61.86,1.877,0.542,1.94,1361.2,0
2025-01-01 08:47:00,70.24,1.809,0.561,2.62,1576.4,0
2025-01-01 08:48:00,71.3,1.402,0.706,1.45,1494.7,0
2025-01-01 08:49:00,65.48,1.276,0.387,1.68,1444.9,0
2025-01-01 08:50:00,73.19,1.528,0.547,2.45,1516.8,0
2025-01-01 08:51:00,61.69,1.146,0.407,2.56,1594.5,0
2025-01-01 08:52:00,91.57,3.619,1.733,3.9,985.8,1
2025-01-01 08:53:00,63.94,1.47,0.408,1.63,1412.2,0
2025-01-01 08:54:00,66.74,1.407,0.458,2.63,1574.2,0
2025-01-01 08:55:00,70.24,1.181,0.47,2.48,1436.2,0
2025-01-01 08:56:00,65.7,1.603,0.598,2.2,1521.7,0
2025-01-01 08:57:00,68.08,1.393,0.592,1.76,1469.7,0
2025-01-01 08:58:00,75.03,1.266,0.375,1.99,1478.1,0
2025-01-01 08:59:00,67.12,0.926,0.505,1.95,1576.6,0
2025-01-01 09:00:00,74.18,1.494,0.429,2.1,1396.0,0
2025-01-01 09:01:00,64.35,1.854,0.374,2.44,1694.5,0
2025-01-01 09:02:00,72.65,1.832,0.478,2.26,1317.9,0
2025-01-01 09:03:00,77.21,1.409,0.469,1.68,1440.2,0
2025-01-01 09:04:00,57.64,1.38,0.743,2.41,1537.0,0
2025-01-01 09:05:00,66.02,1.594,0.543,2.09,1558.4,0
2025-01-01 09:06:00,72.89,1.3,0.362,2.21,1490.0,0
2025-01-01 09:07:00,68.98,1.56,0.444,2.44,1494.3,0
2025-01-01 09:08:00,71.86,1.653,0.602,1.67,1541.1,0
2025-01-01 09:09:00,66.98,1.745,0.709,1.99,1476.9,0
2025-01-01 09:10:00,70.43,1.48,0.341,1.84,1639.3,0
2025-01-01 09:11:00,69.22,1.459,0.312,1.53,1583.9,0
2025-01-01 09:12:00,75.84,1.324,0.687,2.1,1587.3,0
2025-01-01 09:13:00,71.27,1.335,0.539,2.75,1403.4,0
2025-01-01 09:14:00,71.69,1.455,0.413,1.45,1492.1,0
2025-01-01 09:15:00,67.94,1.573,0.553,1.99,1470.0,0
2025-01-01 09:16:00,67.56,1.683,0.236,2.19,1399.4,0
2025-01-01 09:17:00,67.84,1.339,0.5,2.04,1536.0,0
2025-01-01 09:18:00,71.97,1.799,0.533,1.97,1446.2,0
2025-01-01 09:19:00,67.9,1.446,0.592,1.61,1565.5,0
2025-01-01 09:20:00,71.45,1.496,0.399,2.07,1393.0,0
2025-01-01 09:21:00,80.38,1.351,0.509,1.77,1671.9,0
2025-01-01 09:22:00,74.36,1.015,0.407,1.34,1410.4,0
2025-01-01 09:23:00,68.37,1.677,0.526,2.36,1521.9,0
2025-01-01 09:24:00,76.01,1.647,0.41,2.29,1579.2,0
2025-01-01 09:25:00,67.96,1.444,0.459,2.02,1442.9,0
2025-01-01 09:26:00,59.81,1.513,0.4,2.07,1585.2,0
2025-01-01 09:27:00,64.96,1.603,0.565,2.32,1377.1,0
2025-01-01 09:28:00,76.82,2.807,2.135,4.9,1097.6,1
2025-01-01 09:29:00,68.24,1.394,0.477,2.27,1501.4,0
2025-01-01 09:30:00,70.09,1.659,0.504,1.91,1440.4,0
2025-01-01 09:31:00,78.38,1.249,0.355,2.39,1470.1,0
2025-01-01 09:32:00,71.63,1.559,0.47,2.1,1580.9,0
2025-01-01 09:33:00,68.9,1.229,0.495,2.06,1441.6,0
2025-01-01 09:34:00,74.15,1.593,0.762,1.62,1425.1,0
2025-01-01 09:35:00,58.94,1.493,0.389,2.09,1477.8,0
2025-01-01 09:36:00,99.13,2.243,1.453,3.97,971.9,1
2025-01-01 09:37:00,73.85,1.733,0.6,1.81,1682.1,0
2025-01-01 09:38:00,62.61,1.353,0.528,1.76,1443.4,0
2025-01-01 09:39:00,75.72,1.338,0.676,1.68,1583.2,0
2025-01-01 09:40:00,71.69,1.54,0.537,2.64,1520.9,0
2025-01-01 09:41:00,67.92,1.73,0.539,2.4,1401.5,0
2025-01-01 09:42:00,73.16,1.297,0.495,2.58,1499.4,0
2025-01-01 09:43:00,81.35,1.512,0.622,1.63,1578.4,0
2025-01-01 09:44:00,70.91,1.586,0.61,2.02,1481.2,0
2025-01-01 09:45:00,71.24,1.639,0.437,1.61,1619.3,0
2025-01-01 09:46:00,67.7,1.535,0.368,1.79,1602.2,0
2025-01-01 09:47:00,65.75,1.427,0.48,1.72,1591.9,0
2025-01-01 09:48:00,74.15,1.334,0.42,2.37,1454.0,0
2025-01-01 09:49:00,65.72,1.517,0.494,1.88,1392.0,0
2025-01-01 09:50:00,70.36,1.286,0.624,2.32,1438.6,0
2025-01-01 09:51:00,67.61,0.916,0.454,2.18,1519.6,0
2025-01-01 09:52:00,72.39,1.587,0.496,2.69,1554.6,0
2025-01-01 09:53:00,71.67,1.681,0.506,1.56,1282.8,0
2025-01-01 09:54:00,75.19,1.027,0.585,2.38,1499.2,0
2025-01-01 09:55:00,67.45,1.298,0.275,2.34,1515.8,0
2025-01-01 09:56:00,68.65,1.624,0.439,1.71,1472.2,0
2025-01-01 09:57:00,65.11,1.911,0.521,2.3,1629.1,0
2025-01-01 09:58:00,67.78,1.504,0.62,2.1,1542.2,0
2025-01-01 09:59:00,71.89,1.354,0.451,1.93,1631.0,0
2025-01-01 10:00:00,73.78,1.463,0.312,1.75,1478.4,0
2025-01-01 10:01:00,65.39,1.775,0.562,1.78,1593.7,0
2025-01-01 10:02:00,74.35,1.371,0.436,2.61,1663.5,0
2025-01-01 10:03:00,76.78,1.34,0.381,2.0,1631.2,0
2025-01-01 10:04:00,72.07,1.403,0.438,2.23,1390.8,0
2025-01-01 10:05:00,79.38,1.309,0.482,1.76,1474.6,0
2025-01-01 10:06:00,66.13,1.525,0.44,1.77,1465.5,0
2025-01-01 10:07:00,63.78,1.825,0.279,2.32,1548.9,0
2025-01-01 10:08:00,61.11,1.565,0.59,1.6,1568.6,0
2025-01-01 10:09:00,77.48,1.45,0.627,1.88,1416.1,0
2025-01-01 10:10:00,73.27,1.442,0.565,2.01,1506.8,0
2025-01-01 10:11:00,69.72,1.187,0.386,2.03,1298.0,0
2025-01-01 10:12:00,71.4,1.677,0.48,1.95,1644.2,0
2025-01-01 10:13:00,64.37,1.484,0.499,2.12,1448.8,0
2025-01-01 10:14:00,82.23,1.464,0.56,2.21,1505.6,0
2025-01-01 10:15:00,70.65,2.139,0.567,2.22,1469.0,0
2025-01-01 10:16:00,70.55,1.56,0.427,1.7,1614.6,0
2025-01-01 10:17:00,73.63,1.35,0.508,1.91,1216.2,0
2025-01-01 10:18:00,72.41,1.415,0.546,2.36,1498.3,0
2025-01-01 10:19:00,71.12,1.73,0.646,2.27,1489.4,0
2025-01-01 10:20:00,66.05,1.523,0.57,1.59,1454.6,0
2025-01-01 10:21:00,72.36,1.212,0.579,2.11,1672.6,0
2025-01-01 10:22:00,79.41,1.684,0.508,1.41,1411.3,0
2025-01-01 10:23:00,76.73,1.366,0.641,2.01,1577.2,0
2025-01-01 10:24:00,77.97,1.875,0.541,2.57,1535.6,0
2025-01-01 10:25:00,67.44,1.716,0.414,1.72,1626.2,0
2025-01-01 10:26:00,65.05,1.411,0.64,1.75,1433.3,0
2025-01-01 10:27:00,69.37,1.756,0.57,2.23,1426.7,0
2025-01-01 10:28:00,70.28,1.514,0.456,1.54,1609.6,0
2025-01-01 10:29:00,75.47,1.671,0.452,1.81,1542.5,0
2025-01-01 10:30:00,61.54,1.597,0.53,2.18,1345.5,0
2025-01-01 10:31:00,77.65,1.331,0.546,1.81,1446.1,0
2025-01-01 10:32:00,69.21,1.371,0.52,1.93,1538.6,0
2025-01-01 10:33:00,67.87,1.706,0.531,2.22,1583.8,0
2025-01-01 10:34:00,64.94,1.433,0.67,2.13,1432.1,0
2025-01-01 10:35:00,61.73,1.419,0.607,2.08,1208.6,0
2025-01-01 10:36:00,74.12,1.309,0.519,1.9,1552.3,0
2025-01-01 10:37:00,70.37,1.585,0.594,2.11,1378.0,0
2025-01-01 10:38:00,63.55,1.913,0.397,1.96,1298.3,0
2025-01-01 10:39:00,63.52,1.286,0.54,2.14,1216.8,0
2025-01-01 10:40:00,68.32,1.505,0.681,1.85,1581.4,0
2025-01-01 10:41:00,78.35,1.782,0.478,1.95,1512.9,0
2025-01-01 10:42:00,68.7,1.484,0.415,1.7,1477.4,0
2025-01-01 10:43:00,62.48,1.59,0.435,1.99,1638.9,0
2025-01-01 10:44:00,68.77,1.288,0.391,1.76,1563.7,0
2025-01-01 10:45:00,87.5,4.409,2.399,3.28,1346.5,1
2025-01-01 10:46:00,56.52,1.463,0.463,2.08,1360.7,0
2025-01-01 10:47:00,69.73,1.697,0.359,2.06,1496.5,0
2025-01-01 10:48:00,68.85,1.737,0.502,2.23,1338.3,0
2025-01-01 10:49:00,73.48,2.018,0.59,1.87,1477.1,0
2025-01-01 10:50:00,106.69,3.259,1.996,4.58,1043.1,1
2025-01-01 10:51:00,75.63,1.565,0.652,2.17,1562.7,0
2025-01-01 10:52:00,68.66,1.539,0.551,2.13,1504.6,0
2025-01-01 10:53:00,64.47,1.429,0.603,1.75,1562.3,0
2025-01-01 10:54:00,82.87,1.568,0.434,2.04,1570.3,0
2025-01-01 10:55:00,70.3,1.441,0.585,2.11,1715.5,0
2025-01-01 10:56:00,70.07,1.534,0.391,2.0,1468.5,0
2025-01-01 10:57:00,69.88,1.764,0.589,1.37,1405.9,0
2025-01-01 10:58:00,70.99,1.299,0.517,2.05,1524.6,0
2025-01-01 10:59:00,69.28,1.728,0.555,2.66,1419.8,0
2025-01-01 11:00:00,67.13,1.763,0.382,1.89,1648.2,0
2025-01-01 11:01:00,67.27,1.476,0.41,1.78,1471.7,0
2025-01-01 11:02:00,69.84,1.076,0.56,2.11,1443.4,0
2025-01-01 11:03:00,67.28,1.378,0.405,2.09,1452.9,0
2025-01-01 11:04:00,66.44,1.759,0.546,2.36,1571.8,0
2025-01-01 11:05:00,70.53,1.495,0.363,1.62,1484.2,0
2025-01-01 11:06:00,68.73,1.3,0.585,2.22,1435.8,0
2025-01-01 11:07:00,77.52,1.399,0.377,2.18,1666.5,0
2025-01-01 11:08:00,56.75,1.668,0.555,1.96,1414.4,0
2025-01-01 11:09:00,75.46,1.609,0.563,2.1,1503.6,0
2025-01-01 11:10:00,76.23,1.452,0.43,2.31,1565.2,0
2025-01-01 11:11:00,59.63,1.427,0.558,2.26,1336.9,0
2025-01-01 11:12:00,68.29,1.422,0.526,1.66,1548.0,0
2025-01-01 11:13:00,68.14,1.316,0.446,2.25,1394.5,0
2025-01-01 11:14:00,62.96,1.823,0.399,1.98,1582.3,0
2025-01-01 11:15:00,66.11,1.436,0.304,2.02,1403.7,0
2025-01-01 11:16:00,64.45,1.743,0.535,2.02,1569.3,0
2025-01-01 11:17:00,78.76,1.804,0.344,1.95,1610.6,0
2025-01-01 11:18:00,74.68,1.7,0.51,2.36,1586.1,0
2025-01-01 11:19:00,76.36,1.414,0.474,1.97,1525.1,0
2025-01-01 11:20:00,73.61,1.581,0.568,1.66,1476.9,0
2025-01-01 11:21:00,64.35,1.495,0.47,1.88,1442.4,0
2025-01-01 11:22:00,67.38,1.319,0.467,2.05,1647.1,0
2025-01-01 11:23:00,72.45,1.565,0.573,2.37,1430.1,0
2025-01-01 11:24:00,63.89,1.264,0.534,2.18,1396.3,0
2025-01-01 11:25:00,73.56,1.738,0.532,1.74,1566.5,0
2025-01-01 11:26:00,68.8,1.407,0.547,2.75,1420.4,0
2025-01-01 11:27:00,68.13,1.54,0.346,2.08,1405.0,0
2025-01-01 11:28:00,73.55,1.557,0.576,2.38,1355.6,0
2025-01-01 11:29:00,72.22,1.448,0.561,1.95,1451.7,0
2025-01-01 11:30:00,68.2,1.617,0.398,2.16,1491.7,0
2025-01-01 11:31:00,75.8,1.405,0.476,2.25,1524.3,0
2025-01-01 11:32:00,64.59,1.674,0.496,2.37,1595.1,0
2025-01-01 11:33:00,73.08,1.231,0.487,2.32,1552.7,0
2025-01-01 11:34:00,72.97,1.525,0.533,2.26,1480.9,0
2025-01-01 11:35:00,68.45,1.888,0.643,1.91,1480.2,0
2025-01-01 11:36:00,71.63,1.3,0.608,1.83,1551.0,0
2025-01-01 11:37:00,63.74,1.364,0.369,2.1,1627.3,0
2025-01-01 11:38:00,74.62,1.603,0.562,2.28,1512.6,0
2025-01-01 11:39:00,69.08,1.536,0.633,1.93,1453.1,0
2025-01-01 11:40:00,67.39,1.57,0.539,2.32,1400.7,0
2025-01-01 11:41:00,75.25,1.598,0.609,2.44,1355.5,0
2025-01-01 11:42:00,66.48,1.627,0.701,1.73,1566.6,0
2025-01-01 11:43:00,62.96,1.722,0.602,1.75,1557.8,0
2025-01-01 11:44:00,62.22,1.582,0.525,1.96,1557.7,0
2025-01-01 11:45:00,73.03,1.452,0.605,2.09,1487.1,0
2025-01-01 11:46:00,82.85,2.845,2.352,4.65,1095.6,1
2025-01-01 11:47:00,78.77,1.88,0.502,2.41,1451.6,0
2025-01-01 11:48:00,59.59,1.473,0.465,2.13,1595.5,0
2025-01-01 11:49:00,78.48,1.305,0.656,2.01,1496.1,0
2025-01-01 11:50:00,71.06,1.721,0.418,1.57,1439.2,0
2025-01-01 11:51:00,69.52,1.476,0.653,1.61,1559.3,0
2025-01-01 11:52:00,67.28,1.065,0.55,2.08,1541.0,0
2025-01-01 11:53:00,72.0,1.669,0.36,1.36,1535.7,0
2025-01-01 11:54:00,69.81,1.393,0.537,2.3,1508.1,0
2025-01-01 11:55:00,75.52,1.482,0.29,1.95,1496.2,0
2025-01-01 11:56:00,70.57,1.566,0.563,2.97,1738.8,0
2025-01-01 11:57:00,70.75,1.538,0.589,2.69,1618.4,0
2025-01-01 11:58:00,68.18,1.642,0.441,1.95,1572.3,0
2025-01-01 11:59:00,69.72,1.413,0.512,1.97,1511.2,0
2025-01-01 12:00:00,71.54,1.603,0.695,2.3,1600.7,0
2025-01-01 12:01:00,61.45,1.448,0.449,2.51,1551.8,0
2025-01-01 12:02:00,63.26,1.648,0.394,1.51,1502.6,0
2025-01-01 12:03:00,73.72,1.623,0.648,1.46,1469.6,0
2025-01-01 12:04:00,70.85,1.313,0.696,1.81,1491.9,0
2025-01-01 12:05:00,69.08,1.717,0.5,2.17,1183.0,0
2025-01-01 12:06:00,70.09,1.393,0.601,2.15,1521.1,0
2025-01-01 12:07:00,71.74,1.662,0.634,2.32,1451.2,0
2025-01-01 12:08:00,67.3,1.573,0.426,1.64,1659.3,0
2025-01-01 12:09:00,94.93,3.007,2.035,3.62,1072.5,1
2025-01-01 12:10:00,70.98,1.455,0.623,2.26,1381.1,0
2025-01-01 12:11:00,65.11,1.43,0.669,1.75,1495.0,0
2025-01-01 12:12:00,72.04,1.496,0.556,1.39,1395.4,0
2025-01-01 12:13:00,61.49,1.439,0.412,2.04,1547.3,0
2025-01-01 12:14:00,75.15,1.66,0.699,2.24,1529.1,0
2025-01-01 12:15:00,72.36,1.177,0.447,1.96,1595.8,0
2025-01-01 12:16:00,71.28,1.289,0.466,1.86,1420.9,0
2025-01-01 12:17:00,93.55,2.308,2.242,3.6,1069.0,1
2025-01-01 12:18:00,78.33,1.69,0.655,1.89,1363.5,0
2025-01-01 12:19:00,75.07,1.842,0.585,1.6,1570.1,0
2025-01-01 12:20:00,60.8,1.479,0.541,1.79,1551.9,0
2025-01-01 12:21:00,63.6,1.466,0.546,2.16,1549.6,0
2025-01-01 12:22:00,66.88,1.514,0.504,2.1,1500.2,0
2025-01-01 12:23:00,70.13,1.732,0.556,2.05,1541.5,0
2025-01-01 12:24:00,72.59,1.315,0.247,1.7,1660.4,0
2025-01-01 12:25:00,66.37,1.548,0.47,1.95,1471.5,0
2025-01-01 12:26:00,70.93,1.695,0.524,1.35,1513.9,0
2025-01-01 12:27:00,66.22,1.6,0.385,2.05,1391.4,0
2025-01-01 12:28:00,66.94,1.538,0.539,2.43,1413.2,0
2025-01-01 12:29:00,62.97,1.7,0.48,1.56,1509.8,0
2025-01-01 12:30:00,65.38,0.959,0.676,1.82,1610.4,0
2025-01-01 12:31:00,63.24,1.636,0.657,2.1,1474.4,0
2025-01-01 12:32:00,83.44,3.537,1.681,5.33,1167.5,1
2025-01-01 12:33:00,75.27,1.134,0.485,1.87,1459.3,0
2025-01-01 12:34:00,65.25,1.602,0.493,1.79,1446.5,0
2025-01-01 12:35:00,83.16,1.775,0.455,1.41,1529.5,0
2025-01-01 12:36:00,92.53,3.095,2.069,3.69,1026.4,1
2025-01-01 12:37:00,70.92,1.691,0.424,2.61,1628.1,0
2025-01-01 12:38:00,65.71,1.822,0.387,2.08,1433.5,0
2025-01-01 12:39:00,73.5,1.763,0.562,1.99,1572.2,0
2025-01-01 12:40:00,67.12,1.828,0.563,2.1,1373.0,0
2025-01-01 12:41:00,70.61,1.648,0.42,2.0,1566.9,0
2025-01-01 12:42:00,82.8,1.515,0.59,1.76,1567.2,0
2025-01-01 12:43:00,69.52,1.18,0.437,2.25,1538.4,0
2025-01-01 12:44:00,75.75,1.451,0.525,2.07,1400.6,0
2025-01-01 12:45:00,66.48,1.331,0.582,2.01,1525.0,0
2025-01-01 12:46:00,85.09,3.839,1.983,4.34,901.7,1
2025-01-01 12:47:00,78.85,1.465,0.545,2.39,1474.7,0
2025-01-01 12:48:00,66.87,1.525,0.448,2.2,1602.9,0
2025-01-01 12:49:00,79.06,1.61,0.48,1.83,1579.7,0
2025-01-01 12:50:00,73.54,1.509,0.479,2.3,1501.5,0
2025-01-01 12:51:00,67.19,1.839,0.425,1.85,1402.5,0
2025-01-01 12:52:00,73.16,1.375,0.482,1.77,1564.6,0
2025-01-01 12:53:00,74.86,1.539,0.345,1.77,1501.9,0
2025-01-01 12:54:00,73.11,1.352,0.451,1.47,1268.0,0
2025-01-01 12:55:00,62.15,1.236,0.472,2.14,1578.3,0
2025-01-01 12:56:00,66.36,1.378,0.474,1.45,1497.6,0
2025-01-01 12:57:00,68.76,1.493,0.476,1.63,1620.2,0
2025-01-01 12:58:00,69.63,1.414,0.494,1.38,1390.5,0
2025-01-01 12:59:00,73.1,1.362,0.548,1.97,1182.3,0
2025-01-01 13:00:00,70.89,1.219,0.587,1.95,1527.9,0
2025-01-01 13:01:00,82.31,4.473,2.164,4.77,938.7,1
2025-01-01 13:02:00,71.9,1.199,0.38,1.69,1330.9,0
2025-01-01 13:03:00,73.05,1.652,0.396,1.65,1402.2,0
2025-01-01 13:04:00,72.8,1.516,0.451,2.14,1775.5,0
2025-01-01 13:05:00,75.4,1.208,0.465,1.83,1469.4,0
2025-01-01 13:06:00,74.17,1.438,0.423,2.09,1573.1,0
2025-01-01 13:07:00,72.3,1.35,0.37,1.73,1434.9,0
2025-01-01 13:08:00,69.65,1.564,0.454,2.05,1291.0,0
2025-01-01 13:09:00,61.7,1.768,0.518,2.39,1483.0,0
2025-01-01 13:10:00,72.15,1.125,0.56,2.18,1473.4,0
2025-01-01 13:11:00,91.86,3.177,1.403,3.54,1145.4,1
2025-01-01 13:12:00,71.36,1.468,0.459,2.08,1488.5,0
2025-01-01 13:13:00,63.62,1.634,0.407,1.93,1526.4,0
2025-01-01 13:14:00,64.59,1.543,0.497,2.0,1485.0,0
2025-01-01 13:15:00,75.27,1.35,0.415,1.9,1373.6,0
2025-01-01 13:16:00,69.8,1.436,0.557,1.95,1548.6,0
2025-01-01 13:17:00,73.41,1.341,0.321,2.06,1305.1,0
2025-01-01 13:18:00,70.14,1.715,0.464,1.7,1295.0,0
2025-01-01 13:19:00,70.15,1.504,0.53,1.7,1573.9,0
2025-01-01 13:20:00,74.69,1.88,0.518,1.58,1550.7,0
2025-01-01 13:21:00,67.42,1.488,0.769,1.52,1494.3,0
2025-01-01 13:22:00,70.48,1.358,0.535,1.63,1360.5,0
2025-01-01 13:23:00,67.69,1.197,0.4,2.05,1429.2,0
2025-01-01 13:24:00,67.83,1.139,0.49,1.73,1473.7,0
2025-01-01 13:25:00,68.45,1.183,0.322,2.15,1340.4,0
2025-01-01 13:26:00,71.11,1.553,0.492,2.01,1426.1,0
2025-01-01 13:27:00,67.61,1.602,0.417,1.41,1565.2,0
2025-01-01 13:28:00,76.28,1.184,0.592,2.2,1642.7,0
2025-01-01 13:29:00,65.53,1.679,0.445,2.24,1458.1,0
2025-01-01 13:30:00,69.07,1.403,0.488,1.7,1575.6,0
2025-01-01 13:31:00,67.8,1.529,0.436,2.13,1308.6,0
2025-01-01 13:32:00,77.23,1.822,0.674,1.74,1565.9,0
2025-01-01 13:33:00,70.98,1.679,0.468,2.03,1419.6,0
2025-01-01 13:34:00,75.16,1.446,0.683,1.62,1530.7,0
2025-01-01 13:35:00,62.57,1.322,0.581,1.46,1475.2,0
2025-01-01 13:36:00,71.34,1.07,0.548,1.89,1632.0,0
2025-01-01 13:37:00,74.45,1.356,0.537,1.96,1412.6,0
2025-01-01 13:38:00,70.41,1.458,0.539,1.88,1562.8,0
2025-01-01 13:39:00,75.33,1.303,0.307,1.64,1472.0,0
2025-01-01 13:40:00,67.41,1.474,0.472,1.88,1484.2,0
2025-01-01 13:41:00,77.05,1.515,0.585,2.08,1481.6,0
2025-01-01 13:42:00,81.49,1.455,0.495,1.99,1415.4,0
2025-01-01 13:43:00,68.19,1.37,0.359,2.05,1498.6,0
2025-01-01 13:44:00,93.1,3.174,2.046,3.69,1176.9,1
2025-01-01 13:45:00,77.27,1.588,0.67,2.35,1524.1,0
2025-01-01 13:46:00,77.9,1.282,0.625,1.65,1508.5,0
2025-01-01 13:47:00,67.39,1.782,0.494,2.15,1579.8,0
2025-01-01 13:48:00,67.9,1.48,0.595,2.35,1592.4,0
2025-01-01 13:49:00,68.59,1.504,0.463,2.14,1394.9,0
2025-01-01 13:50:00,63.28,1.642,0.33,1.94,1586.9,0
2025-01-01 13:51:00,65.41,1.547,0.408,1.84,1381.4,0
2025-01-01 13:52:00,64.98,1.691,0.656,2.31,1558.8,0
2025-01-01 13:53:00,66.16,1.557,0.473,1.57,1562.0,0
2025-01-01 13:54:00,69.83,1.378,0.476,1.71,1308.9,0
2025-01-01 13:55:00,71.17,1.572,0.47,1.88,1509.3,0
2025-01-01 13:56:00,77.75,1.271,0.69,2.37,1453.2,0
2025-01-01 13:57:00,65.01,1.522,0.663,2.11,1424.1,0
2025-01-01 13:58:00,74.92,1.493,0.722,1.71,1635.1,0
2025-01-01 13:59:00,68.93,1.458,0.484,1.91,1434.6,0
2025-01-01 14:00:00,69.75,1.474,0.53,1.82,1419.4,0
2025-01-01 14:01:00,73.37,1.124,0.348,1.79,1507.6,0
2025-01-01 14:02:00,64.39,1.39,0.648,2.29,1568.6,0
2025-01-01 14:03:00,71.91,1.519,0.383,1.59,1485.8,0
2025-01-01 14:04:00,70.83,1.532,0.522,2.48,1616.6,0
2025-01-01 14:05:00,72.46,1.294,0.39,2.25,1553.1,0
2025-01-01 14:06:00,71.45,1.753,0.441,2.33,1282.2,0
2025-01-01 14:07:00,82.28,1.327,0.416,1.86,1447.1,0
2025-01-01 14:08:00,66.81,1.694,0.439,1.96,1443.8,0
2025-01-01 14:09:00,67.35,1.585,0.446,1.57,1547.9,0
2025-01-01 14:10:00,66.88,1.371,0.445,1.84,1237.5,0
2025-01-01 14:11:00,67.22,1.855,0.583,2.15,1754.9,0
2025-01-01 14:12:00,66.81,1.261,0.39,2.39,1553.1,0
2025-01-01 14:13:00,75.95,1.684,0.522,1.67,1514.9,0
2025-01-01 14:14:00,77.1,1.7,0.622,1.89,1618.2,0
2025-01-01 14:15:00,67.15,1.366,0.449,1.95,1734.4,0
2025-01-01 14:16:00,65.84,1.778,0.428,1.58,1587.1,0
2025-01-01 14:17:00,72.36,1.45,0.477,2.18,1594.9,0
2025-01-01 14:18:00,67.24,1.558,0.618,1.78,1513.1,0
2025-01-01 14:19:00,73.16,1.552,0.519,1.94,1485.8,0
2025-01-01 14:20:00,71.01,1.473,0.447,1.86,1452.4,0
2025-01-01 14:21:00,62.42,1.662,0.548,1.76,1417.4,0
2025-01-01 14:22:00,77.74,1.659,0.39,2.0,1431.3,0
2025-01-01 14:23:00,78.98,1.15,0.568,1.94,1364.9,0
2025-01-01 14:24:00,88.89,3.386,2.042,3.83,1073.9,1
2025-01-01 14:25:00,68.06,1.168,0.469,1.78,1331.5,0
2025-01-01 14:26:00,71.43,1.707,0.416,2.1,1519.1,0
2025-01-01 14:27:00,71.67,1.725,0.411,2.5,1496.4,0
2025-01-01 14:28:00,73.29,1.282,0.553,2.04,1514.7,0
2025-01-01 14:29:00,80.05,1.418,0.623,2.3,1447.8,0
2025-01-01 14:30:00,69.12,1.279,0.436,1.58,1807.7,0
2025-01-01 14:31:00,66.01,1.457,0.546,2.05,1636.0,0
2025-01-01 14:32:00,63.1,1.438,0.291,1.67,1375.5,0
2025-01-01 14:33:00,66.35,1.656,0.442,1.56,1523.3,0
2025-01-01 14:34:00,69.83,1.762,0.497,1.78,1439.2,0
2025-01-01 14:35:00,78.97,1.779,0.409,2.36,1398.6,0
2025-01-01 14:36:00,67.41,1.388,0.406,2.29,1366.0,0
2025-01-01 14:37:00,71.12,1.458,0.433,2.07,1543.2,0
2025-01-01 14:38:00,69.92,1.163,0.529,1.54,1431.9,0
2025-01-01 14:39:00,75.94,1.339,0.481,1.94,1596.8,0
2025-01-01 14:40:00,82.63,1.693,0.276,2.09,1599.4,0
2025-01-01 14:41:00,67.35,1.823,0.288,2.05,1637.4,0
2025-01-01 14:42:00,67.55,1.253,0.439,1.45,1414.8,0
2025-01-01 14:43:00,75.22,1.382,0.546,1.73,1547.5,0
2025-01-01 14:44:00,73.41,1.495,0.225,1.98,1563.2,0
2025-01-01 14:45:00,79.23,1.556,0.45,2.16,1452.6,0
2025-01-01 14:46:00,72.92,1.338,0.447,1.34,1422.8,0
2025-01-01 14:47:00,68.2,1.585,0.639,1.95,1661.0,0
2025-01-01 14:48:00,72.95,1.405,0.461,2.04,1522.7,0
2025-01-01 14:49:00,75.54,1.497,0.538,2.25,1563.6,0
2025-01-01 14:50:00,74.1,1.609,0.514,2.21,1417.8,0
2025-01-01 14:51:00,72.54,1.501,0.287,2.17,1378.1,0
2025-01-01 14:52:00,75.33,1.413,0.577,1.76,1443.1,0
2025-01-01 14:53:00,75.85,1.478,0.522,1.43,1487.6,0
2025-01-01 14:54:00,76.91,1.482,0.551,1.88,1393.6,0
2025-01-01 14:55:00,73.24,1.426,0.893,2.3,1499.0,0
2025-01-01 14:56:00,69.16,1.448,0.292,2.42,1331.1,0
2025-01-01 14:57:00,70.73,1.82,0.672,2.21,1388.0,0
2025-01-01 14:58:00,76.03,1.612,0.471,2.13,1567.1,0
2025-01-01 14:59:00,65.92,1.441,0.529,2.11,1560.4,0
2025-01-01 15:00:00,71.84,1.639,0.495,1.83,1460.8,0
2025-01-01 15:01:00,68.03,1.433,0.458,1.96,1398.2,0
2025-01-01 15:02:00,99.01,4.137,1.574,4.02,963.6,1
2025-01-01 15:03:00,76.39,1.574,0.533,1.72,1462.7,0
2025-01-01 15:04:00,70.96,1.479,0.348,2.48,1564.5,0
2025-01-01 15:05:00,70.23,1.59,0.575,1.9,1592.8,0
2025-01-01 15:06:00,63.2,1.186,0.458,2.4,1450.3,0
2025-01-01 15:07:00,73.73,1.275,0.387,1.58,1384.7,0
2025-01-01 15:08:00,73.23,1.261,0.455,2.18,1526.8,0
2025-01-01 15:09:00,80.82,1.529,0.626,1.78,1417.6,0
2025-01-01 15:10:00,68.46,1.847,0.446,1.58,1448.2,0
2025-01-01 15:11:00,71.1,1.946,0.536,2.07,1632.5,0
2025-01-01 15:12:00,71.25,1.628,0.427,2.3,1582.7,0
2025-01-01 15:13:00,77.89,1.6,0.576,1.75,1515.8,0
2025-01-01 15:14:00,69.52,1.14,0.569,1.55,1372.8,0
2025-01-01 15:15:00,71.4,1.391,0.685,1.97,1521.1,0
2025-01-01 15:16:00,73.04,1.342,0.482,1.97,1606.3,0
2025-01-01 15:17:00,70.93,1.376,0.567,2.16,1462.4,0
2025-01-01 15:18:00,67.77,1.466,0.51,2.28,1635.1,0
2025-01-01 15:19:00,70.97,1.406,0.63,1.98,1629.3,0
2025-01-01 15:20:00,75.37,1.104,0.428,2.56,1666.4,0
2025-01-01 15:21:00,64.87,1.65,0.575,2.07,1530.5,0
2025-01-01 15:22:00,70.66,1.285,0.481,1.9,1558.7,0
2025-01-01 15:23:00,66.5,1.548,0.494,1.52,1641.4,0
2025-01-01 15:24:00,75.98,1.915,0.509,1.92,1544.7,0
2025-01-01 15:25:00,62.38,1.316,0.525,1.9,1449.9,0
2025-01-01 15:26:00,67.21,0.994,0.488,2.29,1455.1,0
2025-01-01 15:27:00,71.89,1.443,0.521,2.14,1523.9,0
2025-01-01 15:28:00,94.86,3.271,1.55,3.54,1020.2,1
2025-01-01 15:29:00,69.67,1.892,0.599,2.05,1485.7,0
2025-01-01 15:30:00,67.22,1.254,0.587,2.2,1609.7,0
2025-01-01 15:31:00,79.41,1.599,0.454,2.46,1280.9,0
2025-01-01 15:32:00,89.54,4.084,2.281,4.1,1209.4,1
2025-01-01 15:33:00,59.01,1.479,0.596,2.23,1612.2,0
2025-01-01 15:34:00,72.2,2.029,0.588,2.02,1454.0,0
2025-01-01 15:35:00,67.49,1.199,0.647,2.12,1554.3,0
2025-01-01 15:36:00,64.89,1.551,0.44,2.37,1500.3,0
2025-01-01 15:37:00,73.54,1.594,0.477,1.6,1623.0,0
2025-01-01 15:38:00,71.22,1.717,0.336,1.9,1598.3,0
2025-01-01 15:39:00,67.18,1.52,0.461,1.77,1360.0,0
2025-01-01 15:40:00,63.6,1.562,0.6,2.11,1558.7,0
2025-01-01 15:41:00,74.36,1.422,0.453,2.37,1479.4,0
2025-01-01 15:42:00,73.25,1.554,0.564,1.82,1508.3,0
2025-01-01 15:43:00,69.5,1.431,0.481,1.28,1427.2,0
2025-01-01 15:44:00,79.23,1.624,0.532,1.88,1674.8,0
2025-01-01 15:45:00,64.65,1.426,0.385,2.27,1604.0,0
2025-01-01 15:46:00,62.37,1.575,0.509,2.16,1426.0,0
2025-01-01 15:47:00,82.41,4.025,2.155,4.92,868.6,1
2025-01-01 15:48:00,69.77,1.725,0.481,1.92,1461.4,0
2025-01-01 15:49:00,71.22,1.49,0.337,1.62,1543.5,0
2025-01-01 15:50:00,68.79,1.145,0.621,2.15,1524.0,0
2025-01-01 15:51:00,71.76,1.752,0.578,1.75,1625.3,0
2025-01-01 15:52:00,63.74,1.319,0.547,2.66,1579.0,0
2025-01-01 15:53:00,77.22,1.369,0.652,2.17,1597.0,0
2025-01-01 15:54:00,69.59,1.381,0.405,1.83,1532.7,0
2025-01-01 15:55:00,75.59,1.775,0.675,1.82,1361.1,0
2025-01-01 15:56:00,71.71,1.073,0.593,1.97,1480.4,0
2025-01-01 15:57:00,72.28,2.128,0.476,1.93,1606.0,0
2025-01-01 15:58:00,72.85,1.711,0.614,2.34,1494.8,0
2025-01-01 15:59:00,72.24,1.545,0.389,2.06,1550.3,0
2025-01-01 16:00:00,73.21,1.489,0.418,1.78,1468.1,0
2025-01-01 16:01:00,76.65,1.557,0.439,2.57,1397.0,0
2025-01-01 16:02:00,100.58,4.173,2.216,4.33,1143.4,1
2025-01-01 16:03:00,73.55,1.629,0.394,2.23,1530.9,0
2025-01-01 16:04:00,69.55,1.611,0.622,1.82,1434.4,0
2025-01-01 16:05:00,77.2,1.518,0.474,2.11,1476.4,0
2025-01-01 16:06:00,66.62,1.461,0.535,2.09,1406.1,0
2025-01-01 16:07:00,79.0,1.47,0.443,1.43,1611.9,0
2025-01-01 16:08:00,69.8,1.461,0.318,2.6,1470.6,0
2025-01-01 16:09:00,62.85,1.727,0.527,2.39,1645.3,0
2025-01-01 16:10:00,70.64,1.619,0.309,1.88,1652.9,0
2025-01-01 16:11:00,66.59,0.912,0.493,1.67,1491.9,0
2025-01-01 16:12:00,74.2,1.631,0.363,2.1,1399.2,0
2025-01-01 16:13:00,66.74,1.539,0.699,2.03,1291.4,0
2025-01-01 16:14:00,67.77,1.496,0.591,2.11,1352.8,0
2025-01-01 16:15:00,60.55,1.422,0.511,2.06,1362.6,0
2025-01-01 16:16:00,67.74,1.725,0.626,2.15,1637.8,0
2025-01-01 16:17:00,57.88,1.69,0.415,2.43,1511.6,0
2025-01-01 16:18:00,62.08,1.345,0.554,2.17,1539.0,0
2025-01-01 16:19:00,73.8,1.581,0.52,1.69,1278.0,0
2025-01-01 16:20:00,73.93,1.306,0.526,2.41,1380.2,0
2025-01-01 16:21:00,72.13,1.224,0.627,2.49,1588.7,0
2025-01-01 16:22:00,65.17,1.375,0.573,2.95,1528.7,0
2025-01-01 16:23:00,69.76,1.672,0.529,1.66,1485.3,0
2025-01-01 16:24:00,69.98,1.691,0.335,2.07,1556.5,0
2025-01-01 16:25:00,64.21,1.603,0.404,1.38,1663.6,0
2025-01-01 16:26:00,77.52,1.645,0.488,2.17,1477.9,0
2025-01-01 16:27:00,74.39,1.603,0.509,1.84,1506.9,0
2025-01-01 16:28:00,68.9,1.372,0.387,2.58,1519.3,0
2025-01-01 16:29:00,70.13,1.586,0.741,1.77,1739.2,0
2025-01-01 16:30:00,71.04,1.66,0.652,1.49,1290.1,0
2025-01-01 16:31:00,59.79,1.651,0.56,1.86,1568.3,0
2025-01-01 16:32:00,68.76,1.738,0.507,1.41,1488.5,0
2025-01-01 16:33:00,66.59,1.642,0.479,2.23,1556.7,0
2025-01-01 16:34:00,64.99,1.57,0.405,1.38,1434.3,0
2025-01-01 16:35:00,68.59,1.714,0.508,2.01,1495.1,0
2025-01-01 16:36:00,78.99,1.495,0.526,1.38,1571.1,0
2025-01-01 16:37:00,73.2,1.324,0.376,1.9,1811.3,0
2025-01-01 16:38:00,67.14,1.467,0.533,2.49,1580.8,0
2025-01-01 16:39:00,72.86,1.351,0.484,2.11,1415.2,0
